name,matched_on_ot,platform_in_booking_master,url
212 steakhouse,212 Steakhouse,unknown,
3 times,3 Times,website,http://www.3times.com/
3 times - union square,3 Times,website,http://www.3times.com/
345 cantina,345 Cantina,walk_in,
4747lic,4747 LIC,resy,https://resy.com/cities/new-york-ny/venues/4747lic
718 bistro,718 Bistro,website,https://www.718bistro.com/
abba bar & grill,Abba Bar & Grill,resy,https://resy.com/cities/new-york-ny/venues/abba-bar-and-grill
aburiya kinnosuke,Aburiya Kinnosuke,walk_in,
acre,ACRE,website,http://acrenyc.com/
adam's chicken & pocha,Adam's Chicken & Pocha,website,https://www.adamschicken.com/
agave,Agave,website,https://greenwich.agave.nyc/?y_source=1_ODEzNTIwNzgtNzE1LWxvY2F0aW9uLndlYnNpdGU=
aita trattoria,Aita Trattoria,website,https://www.aitatrattoria.com/
aji sushi,aji sushi,walk_in,
ajisai japanese fusion,Ajisai Japanese Fusion,website,https://www.ajisainy.com/
akami sushi,akami sushi,website,https://akaminy.com/
al horno lean mexican kitchen,Al Horno Lean mexican kitchen,website,https://alhornokitchen.com/?utm_source=google&utm_medium=gmb&utm_campaign=alhes
al vaporetto,Al Vaporetto,website,https://antonuccicafe81.com/pages/al-vaporetto
alachi masala,Alachi Masala,website,https://www.alachimasala.com
alvin and friends,Alvin and Friends,website,http://www.alvinandfriendsrestaurant.com/
am thai bistro,Am Thai Bistro,website,http://www.amthaibistro.com/
amaranto,Amaranto,website,http://www.amarantobklyn.com/
amazon nyc,Amazon,website,https://www.amazon.com/dp/B079QHML21/ref=as_sl_pc_tf_til?tag=nnaffiliate-20&linkCode=w00&linkId=9764e44c780158303f08dd44a70927a7&creativeASIN=B079QHML21
american cut steakhouse tribeca,American Cut Steakhouse,website,https://www.americancutsteakhouse.com
amituofo vegan cuisine,Amituofo Vegan Cuisine,website,https://www.amituofovegan.com/?fbclid=PAAaY6DCQLuuecYbvu9i0yHaGFHogvwySNwUViJsIAdyN6B82NHnYkU-OOl34
amy thai bistro,Amy Thai Bistro,website,http://amythaibistro.com/
ananda,Ananda,website,https://theanandanyc.com/
anassa taverna downtown,Anassa Taverna Downtown,resy,https://resy.com/cities/new-york-ny/venues/anassa-taverna-downtown
ancla,Ancla,website,http://anclabar.com/
andrew bellucci's pizzeria,Andrew Bellucci's Pizzeria,website,https://andrewbelluccispizzeria.com/
anemos,Anemos,website,https://anemosny.com/
angel of harlem,Angel,website,http://www.angelofharlemnyc.com/
angelina's kitchen,Angelina's Kitchen - Staten Island,website,http://angelinaskitchennyc.com/
angelina's ristorante,Angelina's Ristorante,website,http://angelinasristorante.com/
annapurna bhavan,Annapurna Bhavan,website,https://www.annapurnabhavan.com/
annie moore's,Annie Moore's,resy,https://resy.com/cities/new-york-ny/venues/annie-moores
anthony's place,Anthony's Place,website,http://anthonysplacenyc.com/
antica pesa,Antica Pesa,resy,https://resy.com/cities/new-york-ny/venues/antica-pesa
antique garage tribeca,Antique Garage Tribeca,website,https://www.antiquegaragetribeca.com/
antonio's trattoria,Antonios Trattoria,website,http://www.antoniostrattoria.com/
anything at all,Anything,unknown,
anytime kitchen,Anytime Kitchen - Fort Lee,website,https://www.anytimenyc.com/
anytime street,Anytime,website,https://www.anytimestreet.com/
archer & goat,Archer and Goat,resy,https://resy.com/cities/new-york-ny/venues/archer-and-goat
arepa lady astoria,Arepa Lady Astoria,website,https://www.thearepalady.com/
argo,Argo,walk_in,
arianas cucina,Ariana’s Cucina,website,https://arianascucina.com/
aromi,Aromi,resy,https://resy.com/cities/new-york-ny/venues/aromi
arrigo's of fresh pond rd,Arrigo’s of Fresh Pond Rd,resy,https://resy.com/cities/new-york-ny/venues/arrigos
arvine,Arvine,resy,https://resy.com/cities/new-york-ny/venues/arvine
atera,Atera,website,http://www.ateranyc.com/
athena mediterranean cuisine,Athena Mediterranean Cuisine,website,http://athenacuisine.com/Home_Page.php
au zaatar,Au Za'atar,website,http://www.auzaatar.com/
august gatherings,August Gatherings,website,http://www.augustgatheringsny.com/
aura thai,Aura Thai - NY,website,https://www.getsauce.com/order/aura-thai-restaurant/menu?utm_source=wp-site&utm_medium=order-now
avena,Avena,website,http://www.evelinabk.com/
avenida,Avenida,resy,https://resy.com/cities/new-york-ny/venues/avenida
avra 48th street,Avra 48th Street,website,https://www.theavragroup.com
awang kitchen,Awang Kitchen,website,https://awangkitchen.com/
awash ethiopian restaurant,Awash Ethiopian - EVill,website,https://awashny.com/
ayada thai restaurant,Ayada Thai - Rhodes,website,http://www.ayadanyc.com/
ayat astoria,Ayat - Astoria,website,https://www.ayatnyc.com/location/astoria/?utm_source=google&utm_medium=organic&utm_campaign=gbp-profile%20&utm_content=ast
ayat bushwick,Ayat - Bushwick,website,https://www.ayatnyc.com/location/bushwick/?utm_source=google&utm_medium=organic&utm_campaign=gbp-profile%20&utm_content=bus
ayna agra,Ayna Agra,website,http://www.agrarestaurantnyc.com/
ayy chihuahua,Ayy Chihuahua,website,https://www.ayychihuahua.com/
baba cool fort greene,baba cool fort greene,resy,https://resy.com/cities/new-york-ny/venues/baba-cool-fort-greene
babs,Babs,unknown,
babu ji,Babu Ji,website,http://www.babuji.nyc.com
baby blues luncheonette,Baby Blues Luncheonette,website,https://www.babyblues.nyc/
baby grand,Baby Grand - LES,unknown,
bacaro,Bacaro,website,http://bacaronyc.com/
bahari estiatorio,Bahari Estiatorio,website,http://www.bahariestiatorio.com/
balaboosta,Balaboosta,resy,https://resy.com/cities/new-york-ny/venues/balaboosta
bamboo ya,Bamboo Ya,website,https://www.bambooyafh.com/
bang bang bangkok,Bang Bang Bangkok,website,https://www.bangbangbangkokbrooklyn.com/
bangkok 2 thai,Bangkok 2 Thai,website,http://bangkok2nyc.com
barbuto,Barbuto,resy,https://resy.com/cities/new-york-ny/venues/barbuto
bareburger,Bareburger,website,https://www.bareburger.com/
bareburger murray hill,Bareburger,website,https://bareburger.com/locations/murray-hill
barkada social club,Barkada Social Club,website,https://barkadasocialclub.com/
baron's,Baron's,unknown,
barrio chino,Barrio Chino,resy,https://resy.com/cities/new-york-ny/venues/barrio-chino
batesy's bbq and bar,Batesy’s BBQ and Bar,website,https://batesysbbq.com/
bati ethiopian kitchen,Bati Ethiopian Kitchen,resy,https://resy.com/cities/new-york-ny/venues/bati-ethiopian-kitchen
battello,Battello,website,http://www.battellojc.com/
baylander steel beach,Baylander Steel Beach,resy,https://resy.com/cities/new-york-ny/venues/baylander-steel-beach
bayridge sushi,Bayridge Sushi,website,http://www.bayridgesushibk.com/
bcd tofu house,BCD Tofu House,website,https://www.bcdtofuhouse.com/
bea,BEA,website,http://www.beanyc.com/
beds thai,Beds Thai,website,http://orderbedsthai.com/
beija flor,Beija Flor,website,https://www.beijaflor.nyc/
bell book & candle,Bell Book & Candle,walk_in,
bella luna restaurant,Bella Luna - NYC,resy,https://resy.com/cities/new-york-ny/venues/bella-luna-restaurant
bengal tiger,Bengal Tiger,website,http://www.bengaltigerindianfood.com/
big tiny,Big Tiny,website,http://bigtinybk.com/
bigoi venezia,Bigoi Venezia,website,http://www.bigoivenezia.com/
bin 71,Bin 71,website,https://www.bin71nyc.com/
bison and bourbon,Bison & Bourbon,website,http://www.bisonandbourbon.com/
bistro casa azul,Bistro Casa Azul,website,https://bistrocasaazul.com/?utm_source=google
bk9,BK9,website,https://bk9menu.com/
black flamingo,Black Flamingo,website,http://www.blackflamingonyc.com/
blacksea fish & grill,Blacksea Fish & Grill,walk_in,
blank slate,Blank Slate,website,http://www.slatecafe.com/
bless bar & kitchen,Bless Bar & Kitchen,website,https://blessbarkitchennyc.com/?utm_source=google
blt steak,Blt Steak,website,https://www.bltrestaurants.com/location/blt-prime-new-york/
blue door souvlakia,Blue Door Souvlakia,walk_in,
blue hill at stone barns,Blue Hill at Stone Barns,website,https://www.bluehillfarm.com/
blue spoon,Blue Spoon,website,http://bluespooncoffee.com/
blujeen,Blujeen,website,http://www.bluedognyc.com/
bob's steak and chop house,Bob's Steak & Chop House - New York,unknown,
bocca cucina and bar,Bocca Cucina & Bar,website,http://boccanyc.com/
bogart house,Bogart House,website,http://www.bogarthouse.com/
bohemian hall & beer garden,Bohemian Hall & Beer Garden,website,https://bohemianhall.com/
bohemian spirit restaurant,Bohemian Spirit,website,http://www.bohemianspiritrestaurant.com/
bombay chowk,Bombay Chowk,website,https://www.bombaychowk.com/
bombay heights,Bombay Heights,website,https://www.beyondmenu.com/40916/brooklyn/bombay-heights-brooklyn-11216.aspx
bombay kabab,Bombay Kabab,website,https://bombaykabab.site/
bondi sushi,Bondi Sushi,website,https://www.bondisushi.com/
bonnie's grill,Bonnie's Grill,resy,https://resy.com/cities/new-york-ny/venues/bonnies
bono trattoria,Bono Trattoria,website,http://www.bononyc.com/
born thai,Born Thai,website,https://www.bornbklyn.com/
bourbon and branch,Bourbon And Branch,resy,https://resy.com/cities/new-york-ny/venues/bourbon-and-branch
bowery road,Bowery Road,website,https://www.boweryroad.com/
branch,Branch,website,https://branchnewyork.com/#opening
bravest,Bravest,website,http://thebravestnyc.com/
brazilian spices restaurant & steakhouse,Brazilian Spices Steakhouse - Bar - Pizzeria,website,http://emporiumbrasil.com/
broadway comedy club,Broadway Comedy Club,website,http://www.broadwaycomedyclub.com/
brooklyn kura,Kura,website,http://www.brooklynkura.com/
buddy's,Buddys,website,https://www.bubbys.com/
buttermilk channel,Buttermilk Channel,unknown,
bz grill,BZ grill - Brooklyn,website,http://www.bzgrillnyc.com/
cactus shop,The Cactus Shop,website,http://thecactusshopnyc.com/
cactus wren,Cactus Wren,unknown,
caffe de la venezia,Caffe De La Venezia,website,https://www.caffedelavenezia.com/
calaveras corner,Calaveras Corner,resy,https://resy.com/cities/new-york-ny/venues/calaveras-corner
canaletto restaurant,Canaletto,website,https://www.instagram.com/canalettonyc/
cantina 138,Cantina 138,website,http://www.cantina138.com/
cantina cubana,Cantina Cubana,website,https://cantinacubananyc.com/
cantina sundown,Cantina Sundown,website,https://www.cantinasundown.com/
canto upper west side,Canto,resy,https://resy.com/cities/new-york-ny/venues/canto-upper-west-side
caravan of dreams,Caravan of Dreams,website,https://www.caravanofdreams.net/
caravan uyghur cuisine,Caravan Uyghur Cuisine,website,https://www.caravanuyghur.com/
carbone,Carbone,resy,https://resy.com/cities/new-york-ny/venues/carbone
cardamom indian cuisine,Cardamom Indian Cuisine,website,https://cardamomny.com/
casa andrea,Casa Andrea,website,http://www.casaandreanyc.com/
casa bond,Casa Bond,website,http://casabondnoho.com/
casa del mar restaurant,Casa Del Mar - Bronx,website,http://www.casadelmarbronx.com/
casa lever,Casa Lever,resy,https://resy.com/cities/new-york-ny/venues/casa-lever
casa mexicana,Casa Mexicana,website,http://www.casamexicananyc.com/
casa mono / bar jamon,Casa Mono and Bar Jamón,website,http://www.casamononyc.com/
casa tulum,Casa Tulum,website,https://www.tulumbrooklyn.com/
casa tuya,Casa Tuya,website,https://nycasatuya.com/
casino,Casino,website,https://www.casinonyc.info/
caviar by dnhg,Caviar By DNHG,website,https://www.caviarkaspiany.com/
caviar kaspia at the mark,Caviar Kaspia at the Mark,resy,https://resy.com/cities/new-york-ny/venues/caviar-kaspia-at-the-mark
cedric's at the shed,Cedric's at The Shed,website,http://www.cedricsattheshed.com/?utm_source=GoogleBusinessProfile&utm_medium=Website&utm_campaign=MapLabs
celeste,Celeste,website,https://celesterestaurantny.com/?utm_source=google
cha kee,Cha Kee,website,http://www.cha-chan-tang.com/
chama mama,Chama Mama,website,https://www.chamamama.com/location/chama-mama/?utm_source=gmb&utm_medium=organic&utm_campaign=local&utm_id=gmb-chelsea
chama mama chelsea,Chama Mama,resy,https://resy.com/cities/new-york-ny/venues/chama-mama-chelsea
chano's cantina,Chano's Cantina,website,http://chanoscantina.com/
charlies bar & kitchen,Charlies Bar & Kitchen,website,http://charliesbarkitchen.com/
chateau de capitaine,Chateau De Capitaine,website,http://www.chateaudecapitaine.com/
chateau yaffa,Chateau Yaffa,website,https://www.yaffanyc.com/
chawlas 2,Chawlas 2,website,http://chawlas2southozonepark.com/
chelsea table and stage,Chelsea Table + Stage,website,http://chelseatableandstage.com/
chemistry room,The Chemistry Room,website,http://www.thechemistryroom.com/
chens garden,Chen's Garden,walk_in,
cheryl's global soul,Cheryl's Global Soul,website,http://www.cherylsglobalsoul.com/
chez francis,Chez Francis,unknown,
chez omar,Chez Omar,website,https://www.chezomarny.com/
chez oskar,Chez Oskar,website,http://www.chezoskar.com/
chi restaurant and bar,CHI Bar - Sheraton Grand Chicago Riverwalk,website,https://chirestaurantnyc.com/
chick chick,Chick Chick,website,http://www.chickchicknyc.com/
china glatt,China Glatt,website,http://chinaglatt.com/
china north dumpling 北方鍋貼,China North Dumpling,website,https://northdumpling.gbiz.shop/
china river,China River,website,http://www.nychinariver.com/
chino grande,Chino Grande,resy,https://resy.com/cities/new-york-ny/venues/chino-grande
chomp chomp thai kitchen,Chomp Chomp Thai kitchen,website,https://www.chompchompthainyc.com/
chor bazaar,Chor Bazaar,website,http://www.chorbazaarnyc.com/
chow house 德悦轩,Chow House,resy,https://resy.com/cities/new-york-ny/venues/chow-house
chubby skewers,Chubby Skewers - Manhattan,website,https://chubbyskewers.com/locations/chubby-skewers-manhattan/
ciccio cincin,Ciccio Cincin,resy,https://resy.com/cities/new-york-ny/venues/ciccio-cincin
cilantro nyc,Cilantro,website,https://www.cilantrony.com/
cinco de mayo,Cinco De Mayo,website,http://www.evasxcincodemayo.com/
cipriani dolci,Cipriani Dolci,website,https://www.cipriani.com/cipriani-dolci
city island lobster house,City Island Lobster House,website,http://cilobsterhouse.com/
city island yacht club,City Island Yacht Club,website,https://crew.fun/the-yacht-club
clara,Clara,website,https://www.clara-nyc.com/
claudette,Claudette,resy,https://resy.com/cities/new-york-ny/venues/claudette
claudy's kitchen,Claudy’s Kitchen,website,http://www.claudys.com/
claw daddy’s,Claw Daddy's,website,http://www.clawdaddysnyc.com/
clemente's maryland crab house,Clemente's Maryland Crab House,website,http://www.clementescrabhouse.com/
close up,Close Up,website,http://www.kakes.nyc/
coletta,Coletta,resy,https://resy.com/cities/new-york-ny/venues/coletta
commodore ii,Commodore II - East Village,website,https://www.thecommodorebars.com/
comodo,Comodo,website,http://comodonyc.com/
concrete,Concrete,website,http://concrete-brooklyn.com/
cookshop,Cookshop,resy,https://resy.com/cities/new-york-ny/venues/cookshop
coquito blu,Coquito Blu,website,https://www.coquitoblu.com/
corner social,Corner Social,website,http://cornersocialnyc.com/
corner store,The Corner Store,website,https://www.thecornerstoresoho.com/
coszcal de allende restaurant,Coszcal de Allende,website,http://coszcalbk.com/
cote korean steakhouse,COTE Korean Steakhouse,resy,https://resy.com/cities/new-york-ny/venues/cote-nyc
cowgirl seahorse,Cowgirl Seahorse,website,http://www.cowgirlseahorse.com/
crispin's hell's kitchen,Crispin's Hell's Kitchen,website,https://www.crispinshellskitchen.com/
crunchy's,Crunchys,website,https://order.toasttab.com/online/crunchys-kosher-brooklyn
cruz del sur,Cruz del Sur,website,http://www.delsurnyc.com/
cucina 355,Cucina 355,website,http://www.cucina355.com/
cucumber sushi & salad bar,Cucumber Sushi & Salad Bar,website,https://www.cucumbersushi.com/
cuerno,Cuerno - Nueva York,resy,https://resy.com/cities/new-york-ny/venues/cuerno
curry heights,Curry Heights,website,http://curryheights.com/
curry house,Curry House,website,https://www.malacurryhouse.com/
cyan izakaya,Cyan Izakaya,unknown,
cyclo,Cyclo,website,http://www.cyclolic.com/
da adriano,da Adriano,resy,https://resy.com/cities/new-york-ny/venues/da-adriano
da long yi hot pot,Da Long Yi Hot Pot - New York,unknown,
da noi restaurant,Da Noi - Midtown,website,http://danoinyc.com/
da nonna rosa,Da Nonna Rosa,website,http://danonnarosas.com/
daily provisions,Daily Provisions,website,https://dailyprovisions.co/
daily provisions union square,Daily Provisions,website,https://dailyprovisions.co/
dakota's on the cove,Dakota's On The Cove,website,https://dakotasonthecove.com/
dallas bbq restaurant,Dallas BBQ - EVill,website,https://www.dallasbbq.com/times-square
daphne's,Daphne's,website,http://daphnesbrooklyn.com/
dar lbahja,Dar Lbahja,walk_in,
dark bullet sake & oyster bar,Dark Bullet Sake & Oyster Bar,walk_in,
delhi masala,Delhi Masala,website,http://www.delhimasalany.com/
dell'anima,dell'anima,resy,https://resy.com/cities/new-york-ny/venues/dellanima
dept of culture,Dept of Culture,website,https://www.deptofculturebk.com/
desi galli,Desi Galli,website,https://www.desigalli.com/
destefano's steakhouse,DeStefano's Steakhouse,website,http://www.deesteakhouse.com/
dim sum chelsea,Dim Sum Chelsea,website,https://www.dimsumchelsea.com/
dim sum go go,Dim Sum Go Go,website,https://www.dimsumgogonyc.com/
dim sum palace,Dim Sum Palace,website,https://www.dimsumpalace.com/
din tai fung,Din Tai Fung,website,https://dtf.com/en/locations/new-york
dino,Dino,resy,https://resy.com/cities/new-york-ny/venues/dino
disco birdies,Disco Birdies,resy,https://resy.com/cities/new-york-ny/venues/disco-birdies
district saigon,District Saigon,website,http://www.districtsaigonnyc.com/
djon djon,Djon Djon,website,https://www.djondjonbk.com/
dolce vita,Dolce Vita,website,http://dolcevitabrooklyn.com/
dolores,DOLORES,website,http://www.doloresbk.com/
domodomo jersey city,DOMODOMO - Jersey City,website,https://www.domodomorestaurant.com/domodomojc
don giovanni ristorante,Don Giovanni Ristorante - Sheraton Pilar Hotel & Convention Center,website,https://dongiovanni-ny.com/
don pancho villa,Don Pancho Villa,website,https://don-pancho-villa.shop/
double dragon,Double Dragon,walk_in,
draught 55,Draught 55,website,http://draught55.com/
drift in,Drift In,website,https://crewny.com/drift-in
duane park,Duane Park,website,https://www.duaneparknyc.com/
due restaurant,Due,website,http://www.duenyc.com/
due west,Due West,resy,https://resy.com/cities/new-york-ny/venues/due-west
dun huang,Dun Huang - Long Island City,website,https://dhnoodles.com/
dun huang noodles,Dun Huang Noodles,website,https://www.dhnoodles.com/
east harbor seafood palace,East Harbor Seafood Palace,website,https://eastharborseafoodpalace.site/
eat here now,EAT,website,http://www.eatherenownewyork.com/
eckhart beer co.,Eckhart Beer Co.,resy,https://resy.com/cities/new-york-ny/venues/eckhart-beer-co
egg shop,Egg Shop,website,https://www.eggsinbusinessnyc.com/
el atico restaurant,El Atico,walk_in,
el basurero,El Basurero,walk_in,
el bochito,El Bochito,walk_in,
el camion,El Camion,website,http://camioncantina.com/
el coco,El Coco,resy,https://resy.com/cities/new-york-ny/venues/el-coco
el conquistador,El Conquistador,walk_in,
el coyote restaurant,El Coyote - Jackson Heights,website,https://elcoyoteone.com/
el fish marisqueria,El Fish Marisqueria,website,http://elfish67.com
el gallo negro,El Gallo Negro,website,https://elgallonegrony.com/menu/
el gallo taqueria,El Gallo Taqueria,website,http://elgallobk.com/
el lado taco,El Lado Taco,website,https://www.elladotaco.com/
el lugar cantina,El Lugar Cantina,website,https://www.ellugarcantina.com/
el malecon restaurant,El Malecon,website,http://maleconnyc.com/
el mariachi restaurant,El Mariachi,website,http://www.elmariachimexicancuisine.com/
el mero mero,El Mero Mero,website,http://elmeromerony.com/
el pinguino,El Pingüino,resy,https://resy.com/cities/new-york-ny/venues/el-pinguino
el pote restaurant,El Pote,website,https://elpoterestaurant.com/
el sombrero restaurant,El Sombrero,website,http://www.sombrerorestaurant.com/
el viejo yayo,El Viejo Yayo,website,https://elviejoyayony.com/
elephant & castle,Elephant & Castle - New York,website,http://www.elephantandcastle.com/
elias corner,Elias Corner,website,http://eliascorner.com/
ella funt,Ella Funt,resy,https://resy.com/cities/new-york-ny/venues/ella-funt
emma's torch,Emma's Torch,website,https://emmastorch.org/
emmons palace,Emmons Palace,website,https://emmonspalace.com/
empanada mama les,Empanada Mama - LES,website,https://www.empanadamama.com/lower-east-side-location
empellon al pastor,Empellon Al Pastor,website,https://www.empellon.com/restaurants/al-pastor/
emperor seafood restaurant,Emperor Seafood,walk_in,
empire szechuan garden,Szechuan Garden,website,http://www.ordernewempireszechuangarden.com/
enoteca maria,Enoteca Maria,website,http://www.enotecamaria.com/
enthaice thai kitchen,Enthaice Thai Kitchen,website,https://order.toasttab.com/online/enthaice-thai-kitchen-3320-31st-ave
erin's isle,Erin's Isle,website,https://erinsisleny.wixsite.com/erinsisleny
essex pearl,Essex Pearl,resy,https://resy.com/cities/new-york-ny/venues/essex
estancia 460,Estancia 460,resy,https://resy.com/cities/new-york-ny/venues/estancia-460
estrella latina bar & grill,Estrella Latina Bar & Grill,unknown,
estrellita poblana ii,Estrellita Poblana II,walk_in,
etc steakhouse,etc. steakhouse,website,http://www.etcsteakhouse.com/
ethos gallery,Ethos - Gallery,website,https://ethosrestaurantgroup.com/
evelyn's kitchen,Evelyn's Kitchen,website,http://www.evelyns-kitchen.com/
famous sichuan,Famous Sichuan,website,http://www.malahouse21.com/
fan fried rice bar,Fan Fried Rice Bar,resy,https://resy.com/cities/new-york-ny/venues/fan-fried-rice-bar
fan szechuan,Fan Szechuan,website,http://www.fanszechuanny.com/
farra,Farra,resy,https://resy.com/cities/new-york-ny/venues/farra
fat rabbit,Fat Rabbit,resy,https://resy.com/cities/new-york-ny/venues/fat-rabbit
faun,FAUN,unknown,
feile,Feile,unknown,
felice pasta bar,Felice Pasta Bar,website,https://www.timeoutmarket.com/newyork/eat-and-drink/felice-pasta-bar/
fer,Fer,website,http://www.fer-nyc.com/
finnegans wake,Finnegan's Wake,website,http://www.finneganswakenyc.com/
firenze ristorante,Firenze Ristorante,website,https://www.eataly.com/us_en/stores/nyc-downtown
fish village,Fish Village,website,https://usseafood.net/
five senses,Five Senses (Koreatown),website,https://fivesenses-ny.site/
flames indian aroma,Flames Indian Aroma,website,https://www.flamesindianaromanyc.com/
flip,Flip - 59th St,website,https://www.bloomingdales.com/stores/ny/newyork/flip_1-f.html
flora,Flora,resy,https://resy.com/cities/new-york-ny/venues/flora-nyc
flyfish club,Flyfish Club,website,https://www.flyfishclub.com/
follia,Follia,website,http://follianyc.com/
formosa,Formosa,website,http://formosadumplings.com/
fort defiance,Fort Defiance,website,http://www.goodfork.com/
foundry kitchen & bar,Foundry Kitchen and Bar,website,https://www.marriott.com/en-us/hotels/nycsw-the-westin-new-york-at-times-square/dining/?scid=feed67b0-9a2f-4de1-8df6-114544116108
foxface natural,Foxface Natural,resy,https://resy.com/cities/new-york-ny/venues/foxface-natural
frank's trattoria,Frank's Trattoria,website,https://frankstrattoriaonfirst.com/
fresco's cantina,Fresco's Cantina,walk_in,
fresh salt,Fresh Salt,website,http://www.seasaltsnyc.com
friend of a farmer gramercy,Friend of a Farmer,resy,https://resy.com/cities/new-york-ny/venues/friend-of-a-farmer-gramercy
friends and lovers,Friends and Lovers,website,http://pastaloversnyc.com/contact.html
frying pan nyc,Frying Pan,resy,https://resy.com/cities/new-york-ny/venues/frying-pan-nyc
fuel,Fuel - NYC,website,https://www.thefueljuicebar.com/
fuku omakase,Fuku Omakase,resy,https://resy.com/cities/new-york-ny/venues/fuku-omakase
fusion east,Fusion East,website,http://www.fusioneastny.com/
ganhoo bbq,GAN-HOO BBQ,website,https://www.ganhoobbq.com/
geisha asian fusion,Geisha Asian Fusion,website,https://geisha.group/
geisha japanese grill,Geisha Japanese Grill,website,https://geisha.group/
gemma,Gemma - The Bowery Hotel,website,http://www.theboweryhotel.com/dining/gemma
giando on the water,Giando on the Water,website,http://www.giandoonthewater.com/
gina la fornarina,Gina La Fornarina,website,https://farinaon2nd.com/
go chin khao man gai,Go Chin Khao Man Gai,website,http://gochinkhaomangai.com/
go sushi,Go Sushi,website,https://gosushinytogo.com/
golden lake pavilion,Golden Lake Pavilion,website,https://m.facebook.com/LakePavilion/
golden thai,Golden Thai,website,https://www.goldenthaibrooklyn.com/order
golden wonton king,Golden Wonton King,walk_in,
good friends restaurant,Good Friends,walk_in,
good guy's,Good Guy's,website,http://www.thegoodgoodnyc.com/
gorkhali brooklyn,Gorkhali - Brooklyn,website,https://www.grubhub.com/restaurant/gorkhali-restaurant-160-havemeyer-st-brooklyn/7321768?proof=true
gotham burger social club,Gotham Burger Social Club,website,http://gbsc.nyc/
gradisca,Gradisca,website,http://www.alicenyc.com/
gramercy ale house,Gramercy Ale House,walk_in,
grand canyon bistro,Grand Canyon Bistro,website,http://bistro300.com/
grand sahara mediterranean grill,Grand Sahara Mediterranean Grill,website,https://grandsaharagrill.com/?utm_source=google
grand sichuan eastern,Grand Sichuan Eastern - Chelsea,website,https://www.sichuanhunan1049.com/
grand vin,Grand Vin,website,http://grandvinhoboken.com/
grandma's home,Grandma's Home,resy,https://resy.com/cities/new-york-ny/venues/grandmas-home
grata thai cuisine,Grata Thai Cuisine,website,https://gratathaicuisinenyc.com/
great wall nyc,Great Wall,walk_in,
greek express,Greek Express,walk_in,
grill 21,Grill 21,website,https://grill21nyc.com/
grill point,Grill Point,website,https://grillpointnyc.com/
guest new york,Guest - New York,website,https://rhguesthouse.com/diningroom
gunbae tribeca,Gunbae,website,http://www.gunbaetribeca.com/
gus's chop house,Gus's Chop House,unknown,
haidilao hot pot,Haidilao Hot Pot,website,https://www.superhiinternational.com/serve/storeSearch
haile bistro,Haile Bistro,website,http://hailecuisine.com/
hainan chicken house,Hainan Chicken House,website,http://www.hainanchickenhouse.com/
hair of the dog,Hair of the Dog,website,https://www.hairofthedognyc.com/
han dynasty - east village,Han Dynasty,resy,https://resy.com/cities/new-york-ny/venues/han-dynasty-east-village
happy dragon,Happy Dragon,website,https://www.luckydragonofny.com/
happy garden restaurant,Happy Garden,walk_in,
harlemite,Harlemite,website,https://www.harlemiterestaurant.com/?fbclid=PAAaYi1phGndi6pgBp_Kc5ArhLxvUsKZ8eNnvEHWYzZf0yI3Z5UsDUBRFLlhc
harry's italian,Harry's Italian - Financial District,website,http://www.harrysitalian.com/
haven uws,Haven UWS,resy,https://resy.com/cities/new-york-ny/venues/haven
hearth,Hearth,resy,https://resy.com/cities/new-york-ny/venues/hearth
hei tiki sushi and bar,Hei Tiki & Sushi Bar,resy,https://resy.com/cities/new-york-ny/venues/hei-tiki-sushi-and-bar
hello saigon,Hello Saigon,website,https://hellosaigon-nyc.com/
hero thai & izakaya,Hero Thai & Izakaya,website,https://www.heroesthaiizakaya.com/
hero thai-izakaya,Hero Thai & Izakaya,website,https://www.heroesthaiizakaya.com/
hey thai,Hey Thai,resy,https://resy.com/cities/new-york-ny/venues/hey-thai
hibachi express,Hibachi Express,website,https://www.hibachiexpressny.com/
hibino,Hibino - Long Island City,website,https://hibino-lic.com/
hillstone,Hillstone - Dallas,website,https://hillstonerestaurant.com/locations/nyc-parkavenuesouth/
hilton garden inn,Hilton Garden Inn  - Tribeca,website,https://www.hilton.com/en/hotels/nycssgi-hilton-garden-inn-new-york-times-square-central/?SEO_id=GMB-AMER-GI-NYCSSGI&y_source=1_MjA4MjMxNi03MTUtbG9jYXRpb24ud2Vic2l0ZQ%3D%3D
himalayan curry house,Himalayan Curry House,website,https://www.himalayancurryhousenyc.com/
hk kitchen & draft house,HK Kitchen & Draft House,website,https://hkkitchendrafthouse.shop/
home kitchen,Home Kitchen,website,http://www.homekitchennyc.com/
homemade taqueria,Homemade Taqueria,website,https://homemadetaqueria.com/newyork1?utm_source=google
hometown hotpot & bbq,Hometown Hotpot & BBQ,website,http://hometownhotpot.com/
hooters,Hooters - Fresh Meadows,unknown,
hou yi hot pot,Hou Yi Hot Pot,website,https://houyihotpotnewyork.mybistro.online/
house of lasagna,House of Lasagna - Manila,website,http://houseoflasagnanyc.com/
house of thai,House of Thai,website,https://www.houseofthainy.com/
hub thai,Hub Thai,website,https://hubthai.nyc/
huertas,Huertas,website,http://huertasnyc.com/
hummus kitchen,Hummus Kitchen,website,http://www.hummuskitchen.com/
hummus place,Hummus Place,website,http://www.hummusplace.com/
hyatt herald square,The Rooftop - Hyatt Herald Square,website,https://www.hyatt.com/en-US/hotel/new-york/hyatt-herald-square-new-york/nychh/dining
i sodi,I Sodi,resy,https://resy.com/cities/new-york-ny/venues/i-sodi
i trulli,I Trulli,walk_in,
idashi omakase,idashi Omakase,resy,https://resy.com/cities/new-york-ny/venues/idashi-omakase
ikigai,Ikigai,resy,https://resy.com/cities/new-york-ny/venues/ikigai
ikko hibachi sushi asian bistro,IKKO Hibachi Sushi Asian Bistro,website,http://www.ikkonyc.com/
il bambino,Il Bambino,website,http://www.ilbambinonyc.com
il corallo trattoria,Il Corallo Trattoria,resy,https://resy.com/cities/new-york-ny/venues/il-corallo-trattoria
il posto accanto,Il Posto Accanto,website,http://ilpostoaccantonyc.com/
inca paisa restaurant astoria,Inca Paisa - Astoria,website,https://incapaisa.com/
india passage,India Passage,website,https://indiapassageny.com/
indian tanpura,Indian Tanpura,website,https://www.indiantanpura.com/
ippudo dumbo,Ippudo,website,https://www.ippudous.com/ippudov-db
ippudo ny,Ippudo,website,https://www.ippudous.com/east-village
iron sushi,Iron Sushi,walk_in,
isla & co,Isla & Co. - Midtown,unknown,
island shack,Island Shack,website,http://www.islandshackkitchen.com/
isle of capri,Isle of Capri,website,http://www.isleofcapriny.com/
istanbul kebab house,Istanbul Kebab House,website,http://www.istanbulkebabny.com/
itaewon pocha,Itaewon Pocha - New York,website,https://itaewonnyc.com/
ital kitchen,Ital Kitchen,website,https://www.italkitchenbk.com/
iv purpose,IV Purpose,website,https://ivpurposebk.com/
izakaya fuku,Izakaya Fuku,website,http://www.orderfukunyc.com/
izakaya mew,Izakaya Mew,resy,https://resy.com/cities/new-york-ny/venues/izakaya-mew
izakaya sushi & lounge,Izakaya Sushi & Lounge,unknown,
izakaya tenzo,Izakaya Tenzo,resy,https://resy.com/cities/new-york-ny/venues/izakaya-tenzo
j's on the bay,J's On The Bay,website,https://jsonthebaysiny.com/
jack demsey's,Jack Demsey's,website,http://www.jackdemseys.com/
jack doyle's,Jack Doyle's,website,http://www.jackdoylesnyc.com/
jack jones gastropub,Jack Jones Gastropub,website,http://www.jackjonesbar.com/
jade garden,Jade Garden,walk_in,
jaew hon,Jaew Hon,website,https://www.facebook.com/JaewhonNewYork/
jam'it bistro,Jam'It Bistro,website,https://www.jamitbistro.com/
jamrock jerk,JAMROCK JERK,website,http://www.jamrockjerkny.com/
jang dok dae,Jang Dok Dae - Flushing,website,https://www.jangdokdae.org/
jean's,Jean's,resy,https://resy.com/cities/new-york-ny/venues/jeans
jerusalem falafel house,Falafel House,walk_in,
jg melon,J.G. Melon,website,http://jgmelon-nyc.com/
jin ramen - hamilton heights,Jin Ramen Hamilton Heights,website,https://www.jinramen.com/
jing fong restaurant,Jing Fong,website,http://jingfongny.com/
jintana thai farmhouse,Jintana Thai Farmhouse,website,https://www.jintanathai.com/
jj's asian fusion,JJ's Asian Fusion,website,https://www.jjfusionastoria.com/
joe's lobster house,Joe's Lobster House,website,http://www.lobsterhousesi.com/
joey roses,Joey Roses,website,http://www.joeyroses.com/
john jay dining hall,John Jay Dining Hall,website,http://dining.columbia.edu/
john's of 12th street,John's of 12th Street,website,http://johnsof12thstreet.com/
jongro bbq,Jongro Bbq,resy,https://resy.com/cities/new-york-ny/venues/jongro-bbq
jose luis mediterranean cuisine,Jose Luis Mediterranean Cuisine,website,http://joseluisnewyork.com/
jumieka grand,Jumieka Grand,website,https://jumiekagrand.com/
jumpin' jacks,Jumpin Jacks,website,http://www.modernhaushotel.com/dine-drink/jumpin-jacks/
kabob shack,Kabob Shack,website,https://www.kabobshackbrooklyn.com/
kafana,Kafana,website,http://www.kafananyc.com/
kailash parbat,Kailash Parbat,website,https://kailashparbatnyc.com/
kaiten zushi nomad,Kaiten Zushi,resy,https://resy.com/cities/new-york-ny/venues/kaiten-zushi-nomad
kam rai thai,Kam Rai Thai,website,http://kamraithai.net/
kam's kitchen,Kam’s Kitchen,walk_in,
kame,Kame,resy,https://resy.com/cities/new-york-ny/venues/kame
kappo sono,Kappo Sono,resy,https://resy.com/cities/new-york-ny/venues/kappo-sono
kati thai cuisine,Kati Thai Cuisine,website,http://katithai.com/
kawa omakase,Kawa Omakase,resy,https://resy.com/cities/new-york-ny/venues/kawa-omakase
kazumi omakase,Kazumi Omakase,resy,https://resy.com/cities/new-york-ny/venues/kazumi-omakase
kebab aur sharab,Kebab aur Sharab,resy,https://resy.com/cities/new-york-ny/venues/kebab-aur-sharab
keens steakhouse,Keen's Steakhouse,resy,https://resy.com/cities/new-york-ny/venues/keens-steakhouse
kefi,Kefi,unknown,
kesari indian cuisine,Kesari Indian Cuisine,website,https://kesarinyc.com/
ki sushi,Ki Sushi,website,http://www.kisushigroup.com/
kick axe throwing brooklyn,Kick Axe Throwing BROOKLYN,website,https://www.kickaxe.com/brooklyn
kikoo sushi,Kikoo Sushi,website,http://kikoosushi.com/
kimchi grill,Kimchi Grill - Brooklyn,website,http://www.kimchigrill.com/
king crab house,King Crab House,resy,https://resy.com/cities/new-york-ny/venues/king
kinjo,Kinjo,website,http://www.kinjodumbo.com
kinzan omakase,Kinzan Omakase,resy,https://resy.com/cities/new-york-ny/venues/kinzan-omakase
kith treats,Kith Treats,website,https://kith.com/pages/shop-treats?utm_campaign=Kithtreats&utm_medium=kithtreats.com&utm_source=redirects
kiwami,Kiwami,resy,https://resy.com/cities/new-york-ny/venues/kiwami
ko sushi,Ko Sushi,website,http://www.newkosushi.com/
kol noodle,KOL Noodle,unknown,
kono,Kono,resy,https://resy.com/cities/new-york-ny/venues/kono
koon taste of siam,Koon Taste of Siam,resy,https://resy.com/cities/new-york-ny/venues/koon-taste-of-siam
kpot korean bbq & hot pot,KPOT Korean BBQ & Hot Pot,website,https://thekpot.com/location/midtown-w-38th-st/
krob kreung krob ros,Krob Kreung Krob Ros,website,https://www.krobkreungkrobros.com/
kuku korean cuisine forest hills,Kuku Korean Cuisine Forest Hills,website,https://eatkuku.com/
kuku korean cuisine lic,Kuku Korean Cuisine LIC,website,https://eatkuku.com/
kuma inn,Kuma Inn,walk_in,
kungfu hot pot,Kungfu Hot Pot,walk_in,
kuruma zushi,Kuruma Zushi,website,http://www.kurumazushi.com/
l'angolo della villetta,L’Angolo Della Villetta,unknown,
l'artusi,L'Artusi,resy,https://resy.com/cities/new-york-ny/venues/lartusi-ny
l'avenue at saks,L’Avenue at Saks,resy,https://resy.com/cities/new-york-ny/venues/lavenue
la cabana salvadorena,La Cabana Salvadorena,website,https://order.online/business/la-cabana-salvadorena-75938
la caridad 72,La Caridad 72,website,http://www.lacaridad72uws.com/
la casa del mofongo,La Casa Del Mofongo,website,https://www.instagram.com/lacasadelmofongo182st
la chacra,La Chacra,website,https://lachacrarestobarperuviankitchenny.com/
la devozione,La Devozione,resy,https://resy.com/cities/new-york-ny/venues/la-devozione
la diagonal,La Diagonal,walk_in,
la flaca,La Flaca,website,http://laflacanyc.com/
la gioconda,La Gioconda,website,https://www.lagiocondanyc.com/
la lanterna di vittorio,La Lanterna di Vittorio,resy,https://resy.com/cities/new-york-ny/venues/la-lanterna-di-vittorio
la morada restaurant,La Morada,website,http://lamoradanyc.com
la morra fonda rest. & bar,La Morra Fonda Rest. & Bar,website,https://lamorrafondarestbar.shop/
la petite joie,La Petite Joie,resy,https://resy.com/cities/new-york-ny/venues/la-petite-joie
la rubia restaurant,La Rubia,website,https://larubiabarandgrillrestaurantny.com/
la villa restaurant,La Villa - Park Slope,website,http://www.lavillamx.com/
ladybird,LadyBird,resy,https://resy.com/cities/new-york-ny/venues/ladybird
lamonte,Lamonte,resy,https://resy.com/cities/new-york-ny/venues/lamonte
las margaritas,Las Margaritas,website,https://lasmargaritas3801.com/
las ramblas,Las Ramblas,website,http://www.lasramblas.nyc/
le basque,Le Basque,resy,https://resy.com/cities/new-york-ny/venues/le-basque
le chene,Le Chene,resy,https://resy.com/cities/new-york-ny/venues/le-chene
le gratin,Le Gratin,resy,https://resy.com/cities/new-york-ny/venues/le-gratin
le pain quotidien,Le Pain Quotidien - Tribeca,website,https://lepainquotidien.com/us/stores/118:%2068th%20&%20first%20avenue?utm_source=gmb&utm_medium=business-listing
le petit pecheur,Le Petit Pêcheur,website,http://lepetitpecheurnyc.com/
le petit village,Le Petit Village,resy,https://resy.com/cities/new-york-ny/venues/le-petit-village
le relais de venise l'entrecote midtown east,Le Relais de Venise l'Entrecote,website,http://www.relaisdevenise.com/
legacy records,Legacy Records,resy,https://resy.com/cities/ny/legacy-records-new-york
lemongrass grill,Lemongrass Grill,website,http://lemongrassbrooklyn.com/
leo's grandevous,Leo's Grandevous,website,http://www.leosgrandevous.com/
les enfants de boheme,Les Enfants de Boheme,resy,https://resy.com/cities/new-york-ny/venues/les-enfants-de-boheme
levante,Levante,website,http://levantelic.com/
libertine,Libertine,resy,https://resy.com/cities/new-york-ny/venues/libertine
lilli and loo,Lilli and Loo,website,http://lexington.lilliandloonyc.com/
lilly's craft and kitchen,Lilly's Craft and Kitchen,website,https://lillyscraftandkitchennyc.com/
lily pond,Lily Pond,resy,https://resy.com/cities/new-york-ny/venues/lily-pond
lily thai,Lily Thai,website,http://www.lilythainyc.com/
lin & daughters,Lin & Daughters,website,https://www.linanddaughters.com/
lin's garden,Lin's Garden,website,https://menupages.com/lins-gourmet-chinese-cuisine/1097-2nd-ave-new-york
lincoln station,Lincoln Station,website,http://www.stationfoods.com/
little egg,Little Egg,resy,https://resy.com/cities/new-york-ny/venues/little-egg
little poland restaurant,Little Poland,website,https://thelittlepoland.com/
little sister,Little Sister - Moxy NYC East Village,unknown,
little thai kitchen,Little Thai Kitchen,resy,https://resy.com/cities/new-york-ny/venues/little-thai-kitchen
little tiffin,Little Tiffin,website,https://littletiffinbrooklyn.com/
llama inn,Llama Inn,resy,https://resy.com/cities/ny/llama-inn
llewellyn parq bar and grill,Llewellyn Parq Bar and Grill,website,http://llewellynparq.com/
lobster house joe's,Lobster House Joe’s,website,http://www.lobsterhousesi.com/
lola taverna,Lola Taverna,unknown,
london tandoori,London Tandoori,website,https://www.londontandooribrooklynny.com/
longhorn steakhouse,Longhorn Steakhouse - Brooklyn,website,https://www.longhornsteakhouse.com/locations/ny/elmhurst/elmhurst/5453?cmpid=br:lh_ag:ie_ch:loc_ca:LHGMB_sn:gmb_gt:elmhurst-ny-5453_pl:locurl_rd:1392
los burritos juarez,Los Burritos,website,https://www.losburritosjuarez.com/
los cuernos,Los Cuernos,website,https://cuernony.com
lucky cat,Lucky Cat,website,http://www.izakayaluckycat.com
ludlow house,Ludlow House - Ducked Up Restaurant,website,https://www.sohohouse.com/houses/ludlow-house?utm_source=google&utm_medium=organic&utm_campaign=googlemybusiness
luke's bar and grill,Luke's Bar & Grill,website,http://www.lukesbarandgrill.com/
lupe's east la kitchen,Lupe's East LA Kitchen,website,https://www.lupeskitchen.com/
lydia's,Lydia's,website,http://www.becco-nyc.com/
mad dog & beans mexican cantina,Mad Dog & Beans Mexican Cantina,website,http://www.maddogandbeans.com/
made in mexico,Made in Mexico,website,https://madeinmexico.nyc/
maison may,Maison May,website,http://maison-may.com/
maison provence,Maison Provence,resy,https://resy.com/cities/new-york-ny/venues/maison-provence
maison sun,Maison Sun,resy,https://resy.com/cities/new-york-ny/venues/maison-sun
maizal restaurant,Maizal - Staten Island,website,http://www.maizalrestaurant.com/
makimaki sushi,MakiMaki Sushi,website,http://makimaki.nyc/
malatesta trattoria,Malatesta Trattoria,website,http://malatestanyc.com/
mam,Mam,resy,https://resy.com/cities/new-york-ny/venues/mam
mama taco,Mama Taco,walk_in,
maman,Maman,website,https://mamannyc.com/locations/soho
mamoun's falafel,Mamoun's Falafel,walk_in,
mandarin house,Mandarin House,website,http://www.mandarinhouse.com/
manducatis rustica,Manducatis Rustica,website,http://www.manducatisrustica.com/
manetta's ristorante,Manetta's Ristorante,website,http://www.manettaslic.com/
mango tree thai bistro,Mango Tree Thai Bistro,walk_in,
manny's bistro,Manny's Bistro,resy,https://resy.com/cities/new-york-ny/venues/mannys-bistro
manolo tapas restaurant,Manolo Tapas,website,http://www.manolotapas.net/
manor oktoberfest forest hills,Manor Oktoberfest of Forest Hills,website,https://www.manoroktoberfest.com/
mapo b.b.q,Mapo BBQ,website,https://mapokoreanbbqny.com/
margez grill house,Margez Grill House,walk_in,
mark's off madison,Mark's Off Madison,resy,https://resy.com/cities/new-york-ny/venues/marks-off-madison
martha's cocina mexicana,Marthas Cocina Mexicana,unknown,
masala grill,Masala Grill,website,http://www.masalagrillbrooklyn.com/?utm_source=gmb&utm_medium=website
masquerade,Masquerade,resy,https://resy.com/cities/new-york-ny/venues/masquerade
matiz latin cuisine,Matiz Latin Cuisine,website,http://matizlatincuisineny.com/
matsu sushi,Matsu Sushi,website,http://matsusushiny.com/
matsunori handroll bar,Matsunori Handroll Bar - LIC,website,http://matsunori.com/
maurizio's on the water,Maurizio's on the Water,website,https://www.mauriziosonthewater.com/
max soha,Max SoHa,website,http://www.maxsoha.com/
mello bistro,Mello Bistro,website,https://mellobistro.com/
meme,Meme Mediterranean on 10th,website,http://www.mememediterranean.com/
mesa azteca,Mesa Azteca,website,https://mesaaztecanyc.com/
mexico 2000,Mexico 2000,website,https://mexico2000.getsauce.com/
mi cielito colombiano,Mi Cielito Colombiano,website,https://micielitocolombiano.getsauce.com/
mictlan mexico,Mictlan México,website,http://mictlanny.com/
mido omakase room,Mido - Omakase Room,resy,https://resy.com/cities/new-york-ny/venues/mido-omakase-room
mido omakase west village,Mido Omakase - West Village,resy,https://resy.com/cities/new-york-ny/venues/mido-omakase-west-village
mighty quinn's barbeque,Mighty Quinn's Barbeque,website,http://mightyquinnsbbq.com/
mikiya wagyu shabu house,Mikiya Wagyu Shabu House - Flushing,website,https://mikiyashabu.com/project/new-york-manhattan/
milk n' honey,Milk N Honey,website,http://www.milknhoneykosher.com/
miller's ale house,Miller's Ale House,website,https://millersalehouse.com/locations/staten-island/?utm_source=gmb&utm_medium=organic
mimi,MIMI,website,https://www.mimisnyc.com/
minetta tavern,Minetta Tavern,resy,https://resy.com/cities/new-york-ny/venues/minetta-tavern
mint heights,Mint Heights,website,https://www.ordermintheights.com/
mint masala,Mint Masala,website,https://mintmasalanyc.com/?utm_source=google
miraj healthy grill,Miraj Healthy Grill - Manhattan,website,https://www.mirajhealthygrill.com/
mito asian fusion,Mito Asian Fusion,website,http://themito.com/
mockingbird,Mockingbird,website,https://mockingbird.nyc/
mojo east,Mojo East,resy,https://resy.com/cities/new-york-ny/venues/mojo-east
mom's kitchen & bar,Mom's Kitchen and Bar - Midtown,website,https://www.eatatmomsnyc.com/
momo sushi,MoMo Sushi,website,http://www.momonyc.com/
momosan ramen and sake,Momosan Ramen & Sake,website,http://momosanramen.com/
monkey thief,Monkey Thief,website,https://www.monkeythiefbar.com
moonlight,Moonlight,unknown,
morgan steakhouse & sushi bar,Morgan Steakhouse & Sushi Bar,website,http://www.morgansteakhouse.com/
morgan's brooklyn barbecue,Morgan's Brooklyn Barbecue,resy,https://resy.com/cities/new-york-ny/venues/morgans-brooklyn-barbecue
moustache pitza,Moustache Pitza,website,https://moustachepitza.com/?utm_source=google
mr. capri,Mr. Capri,website,http://mrcapri.com/
mr. taka ramen,Mr. Taka Ramen,website,https://www.instagram.com/mrtakaramen
ms. kim's,Ms. Kim's,unknown,
mughlai grill,Mughlai Grill,website,https://www.mughlaigrillny.com/
mya's bar & kitchen,Mya's Bar & Kitchen,website,https://myaskitchen.com/
myrtle thai restaurant,Myrtle Thai,website,https://www.myrtlethaibk.com/
nakamura,Nakamura,website,http://www.nakamuranyc.com/
naked dog,Naked Dog,website,http://www.nakeddogbrooklyn.com/
nama,Nama - Aman New York,website,https://www.aman.com/hotels/aman-new-york/dining/nama?utm_source=google&utm_medium=website&utm_campaign=nama_at_aman+new+york&utm_id=nama
namaste,Namaste,website,http://www.namastebk.com/
nan hotpot,Nan Hotpot,walk_in,
nan xiang xiao long bao,Nan Xiang Xiao Long Bao - Parent,website,https://nanxiangxiaolongbao.com/?utm_source=gbp&utm_medium=organic&utm_campaign=ktown
nana thai street,Nana Thai,website,http://www.nanathaistreetnyc.com/
nana's,Nana’s,website,http://nanaskitchennewyorkcity.com/
nanking,Nanking - Manhattan,website,http://thenankingrockaway.com/
nemesis,Nemesis,unknown,
nerai,NERAI,website,http://nerainyc.com
new dragon,New Dragon,walk_in,
new dynasty chinese restaurant,New Dynasty Chinese,website,http://www.newdynastyny.com/?utm_source=gmb&utm_medium=website
noches de colombia,Noches de Colombia - Bronx,website,http://nochesrestaurantes.com/nochesdela57
noches mexicanas,Noches Mexicanas,website,https://noche-mexicana.com/?utm_source=google
noi due carne,Noi Due Carne,resy,https://resy.com/cities/new-york-ny/venues/noi-due-carne
nomad tea parlour,Nomad Tea Parlour,resy,https://resy.com/cities/new-york-ny/venues/nomad-tea-parlour
nonna beppa,Nonna Beppa,website,https://www.nonnabeppa.com/
nonna doras,Nonna Dora's,resy,https://resy.com/cities/new-york-ny/venues/nonna-doras
noodle craft,Noodle Craft,website,https://www.noodlecraftqueens.com/
norma,Norma,website,http://www.normarestaurant.com/
northern bell,Northern Bell,website,http://www.northernbellny.com/
nota bene,Nota Bene,website,http://notabenebrooklyn.com/
nur thai,Nur Thai,website,https://nurthai.com/
nyonya,Nyonya - permanently closed,website,https://nyonya.store/
oba grill,OBA Grill,website,http://obagrill.com/
oki poke & ramen,Oki Poke Ramen,website,http://www.okipokeramen.com/
okiboru house of udon,Okiboru House of Udon,website,https://okiboru.com/new-york
okonomi / yuji ramen manhattan,OKONOMI / YUJI Ramen Manhattan,resy,https://resy.com/cities/new-york-ny/venues/okonomi-yuji-manhattan
old bukhara,OLD BUKHARA,website,http://www.bukharagrillnyc.com/
oligarch,The Oligarch,website,https://oligarchevents.com/
omakase 33,Omakase 33,resy,https://resy.com/cities/new-york-ny/venues/omakase-33
omakase ichi,Omakase Ichi,unknown,
omakase sushi by hiro,Omakase sushi by hiro,resy,https://resy.com/cities/new-york-ny/venues/omakase-sushi-by-hiro
one bite omakase,One Bite Omakase,resy,https://resy.com/cities/new-york-ny/venues/one-bite-omakase
one fifth,One Fifth,website,https://www.onefifthnyc.com/
one more charm,One More Charm,website,http://www.onemorecharm.com/
one star,ONE STAR,website,http://www.bom-nyc.com/
ooki sushi,Ooki Sushi,website,https://www.ookisushi.us/home
ootoya - times square,Ootoya - Times Square,resy,https://resy.com/cities/new-york-ny/venues/ootoya-times-square
orale tacos,Orale Tacos - West Haven,website,https://oraletacosmenu.com/
original pancake house,Original Pancake House- Woodmere,website,http://www.ophedgewater.com/
oscar's place,Oscar's Place,website,https://www.oscarsplacenewyork.com/
osteria carlina tribeca,Osteria Carlina Tribeca,resy,https://resy.com/cities/new-york-ny/venues/osteria-carlina-tribeca
osteria carlina west village,Osteria Carlina,resy,https://resy.com/cities/new-york-ny/venues/osteria-carlina-west-village
osteria del porto,Osteria del Porto,resy,https://resy.com/cities/new-york-ny/venues/osteria-del-porto
otani,Otani - New York,website,http://otaniatnassau.com/
our new place,Our New Place,website,http://www.ournewplacenyc.com/
p.j. clarke's on the hudson,PJ Clarkes on the Hudson,website,http://pjclarkes.com/location/on-the-hudson/
p.j. clarke's third avenue,P.J. Clarke's - Third Avenue,website,https://pjclarkes.com/location/third-avenue/
palo santo,Palo Santo,website,http://www.palosantorestaurant.com/
panda garden restaurant,Panda Garden- Wellington,walk_in,
panda house,Panda House,walk_in,
papatzul,Papatzul,website,http://papatzul.com/
paraiso colombiano,Paraiso Colombiano,website,https://paraisocolombianony.com/
parc oasis,Parc Oasis,website,http://parcoasisoysterbar.com/
park slope ale house,Park Slope Ale House,website,http://parkslopealehouse.com/
pascalou,Pascalou,website,http://www.pascalou.info/
pastai,Pastai,resy,https://resy.com/cities/new-york-ny/venues/pastai
patacon pisao,Patacon Pisa'o,website,http://pataconpisaonyc.com/
patiala indian grill,Patiala Indian Grill,website,http://34.patialany.com/
patrick steakhouse,Patrick Steakhouse,resy,https://resy.com/cities/new-york-ny/venues/patrick-steakhouse
patrizia's of williamsburg,Patrizia's of Williamsburg,website,http://www.patrizias.com/location/brooklyn/
pazza notte,Pazza Notte,website,http://www.pazzanotte.com/
peacock alley,Peacock Alley - Waldorf Astoria New York,website,https://www.waldorfastorianewyork.com/dining/?y_source=1_MjAyNTkyMDMxMC03MTUtbG9jYXRpb24ud2Vic2l0ZQ%3D%3D
pegasus brooklyn,Pegasus,website,http://pegasusbrooklyn.com/
peking chinese restaurant,Peking Chinese,website,http://www.pekingduckhousenyc.com/
pepe rosso to go,Pepe Rosso To Go,website,http://www.peperossotogo.com/
pep’s on grand,Pep's on Grand,unknown,
perrine,Perrine,resy,https://resy.com/cities/new-york-ny/venues/perrine
peter luger steak house,Peter Luger Steak House,resy,https://resy.com/cities/new-york-ny/venues/peter-luger-steak-house
pho grand bayside,Pho Grand,website,http://www.phograndbayside.com/
pho hoai restaurant,Pho Hoai,website,https://grubhub.com/restaurant/pho-hoai-1906-avenue-u-brooklyn/2201576?classicAffiliateId=/r/w/2201576/&utm_source=restaurant.grubhub.com&utm_medium=OOL&utm_campaign=order%20online&utm_content=2201576
piacere,Piacere,resy,https://resy.com/cities/new-york-ny/venues/piacere
pier 23,Pier 23,website,https://www.pier23nha.com/
pietro nolita,Pietro NoLita,resy,https://resy.com/cities/new-york-ny/venues/pietro-nolita
pig heaven,Pig Heaven,resy,https://resy.com/cities/new-york-ny/venues/pig-heaven
pink nori,Pink Nori,website,https://pinknorinyc.com/
pinky swear,Pinky Swear,resy,https://resy.com/cities/new-york-ny/venues/pinky-swear
pinocchio ristorante,Pinocchio Ristorante,website,http://www.pinocchiorestaurantnyc.com/
pips,PIPS,unknown,
pita grill,Pita Grill,website,https://www.pitagrill.com/
pita pi,Pita pi,website,http://pitapinyc.com/
pitt's,Pitt's,resy,https://resy.com/cities/new-york-ny/venues/pitts
playroom nyc,Playroom,unknown,
plus de vin,Plus de Vin,website,https://vsvwinebars.com/location-51st
pocha 32,Pocha 32,resy,https://resy.com/cities/new-york-ny/venues/pocha-32
poco - nyc,Poco,website,http://www.poconyc.com/
ponche taqueria,Ponche Taqueria,website,https://www.ponchetaquerianyc.com/
popina,Popina,website,http://popinanyc.com/
porto bello,Porto Bello,website,https://iltinellony.com/
praga tapas bar,Praga Tapas Bar,website,http://instagram.com/pragatapasny
prem thai,Prem Thai,website,http://premthainyc.com/
press room,The Press Room,website,https://www.thepressroom.bar
prime 623,Prime 623,website,https://prime623.squarespace.com/
proper west,Proper West,website,https://properfood.com/
puerta del alma,Puerta Del Alma,website,http://www.puertadelalma.com/
purple waves,Purple Waves,website,http://www.purplewaves.nyc/
radici,Radici,website,https://origininyc.com/
radio kwara,Radio Kwara,resy,https://resy.com/cities/new-york-ny/venues/radio-kwara
rafaelis palace,Rafaelis Palace,website,http://www.chefrafaeli.com/
raizes churrascaria,Raizes Churrascaria,website,http://raizesgreenpoint.com/
ramen ishida,Ramen Ishida,website,https://www.ramenishida.com/
ramen ishida chelsea,Ramen Ishida,resy,https://resy.com/cities/new-york-ny/venues/ramen-ishida-chelsea
rana fifteen,Rana Fifteen,resy,https://resy.com/cities/new-york-ny/venues/rana-fifteen
ranch caribbean vybez restaurant,Ranch Caribbean Vybez,walk_in,
rancho tequileria,Rancho Tequileria - Hell's Kitchen,website,https://ranchotequileria.com/
rao's,Rao's,website,http://raossince1896.com/
rasa,Rasa,website,https://www.rasanyc.com/
red cat,Red Cat,website,http://leblancsautoct.com/
redfarm,RedFarm,website,http://www.redfarmnyc.com/
redwood pleasure club,Pleasure Club,website,https://taogroup.com/venues/crane-club-restaurant-new-york/
refried beans,Refried Beans,website,https://refriedbeansnyc.com/?utm_source=google
ren restaurant,Ren,resy,https://resy.com/cities/new-york-ny/venues/ren
republic latin fusion,Republic Latin Fusion,resy,https://resy.com/cities/new-york-ny/venues/republic-latin-fusion
restaurant daniel,Daniel,resy,https://resy.com/cities/new-york-ny/venues/daniel
revelie luncheonette,Revelie Luncheonette,website,http://www.revelie.com/
rice k,Rice K,website,http://www.ricekny.com/
rincon melania,Rincon Melania,website,https://www.rinconmelanianyc.com/
rincon melania long island city,Rincon Melania,website,https://www.rinconmelanianyc.com/
rita cantina,Rita Cantina,website,https://www.ritashk.com/
river japanese cuisine,River Japanese Cuisine,website,https://www.riversushiny.com/
riviera ristorante,Riviera Ristorante,website,http://www.rivieraristorante.com/
roebling sporting club,Roebling Sporting Club,website,https://www.roeblingsportingclub.com/about
romanian garden,Romanian Garden,website,https://www.romaniangarden.nyc/
romeo's,Romeos,website,http://www.romeositalianrestaurant.com/
rose marie,Rose Marie,resy,https://resy.com/cities/new-york-ny/venues/rose-marie
rosella,Rosella,resy,https://resy.com/cities/new-york-ny/venues/rosella
rothschild tlv,Rothschild Tlv,resy,https://resy.com/cities/new-york-ny/venues/rothschild-tlv
rowland's bar and grill,Rowland's Bar & Grill,website,https://www.rowlandsnyc.com/
ruddy and dean,Ruddy and Dean,website,http://www.ruddyanddean.com/
rudraks fine indian cuisine,Rudraks Fine Indian Cuisine,website,http://www.aroqanyc.com/
runner & stone,Runner & Stone,website,http://www.runnerandstone.com/
runner up,Runner Up,resy,https://resy.com/cities/new-york-ny/venues/runner-up
sabor peruano,Sabor Peruano,website,http://sabor-peruano-3.com/
sabor tropical,Sabor tropical,walk_in,
sabry's seafood,Sabry's Seafood,website,https://sabrys-seafood.com/
sac's place,Sac's Place,resy,https://resy.com/cities/new-york-ny/venues/sacs-place
sadelles,Sadelle’s,resy,https://resy.com/cities/new-york-ny/venues/sadelles
sae ron,SAE RON,unknown,
saffron indian cuisine,Saffron Indian Cuisine,website,http://www.saffronindiancuisineny.com/?utm_source=gmb&utm_medium=website
safir mediterranean,Safir Mediterranean,website,https://safir-mediterranean.com/
saggio restaurant,Saggio,resy,https://resy.com/cities/new-york-ny/venues/saggio
sahara mediterranean grill,Sahara Mediterranean Grill,website,https://grandsaharagrill.com/?utm_source=google
sahara turkish grill,Sahara Turkish Grill,website,http://saharasturkishcuisine.com/
sahib,Sahib,website,https://www.sahib-nyc.com/
saint urban,Saint Urban,resy,https://resy.com/cities/new-york-ny/venues/saint
sakana sushi & hibachi steakhouse,Sakana Sushi & Hibachi Steakhouse,resy,https://resy.com/cities/new-york-ny/venues/sakana-sushi-and-hibachi-steakhouse
sake kawa,Sake Kawa,unknown,
sakura 6,Sakura 6,website,https://order.toasttab.com/online/sakura-6-837-manhattan-ave
sal tang's,Sal Tang's,resy,https://resy.com/cities/new-york-ny/venues/sal-tangs
salt lime and tequila,Salt Lime and Tequila,website,http://saltlimetequila.com/
salud bar & grill,Salud Bar & Grill,website,http://www.saludbargrill.com/
salud restaurant,Salud,website,http://www.saludbargrill.com/
sama street,Sama Street,unknown,
samarkand nights,Samarkand Nights,website,https://samarkandnights.com/
sami and susu,Sami & Susu,resy,https://resy.com/cities/new-york-ny/venues/sami-and-susu
samsaen thai,Samsaen Thai,resy,https://resy.com/cities/new-york-ny/venues/samsaen
samurai sushi,Samurai Sushi,website,http://www.njsamurai.com/
san patricios jersey city,San Patricios - Jersey City,website,https://www.sanpatriciosnj.com/
sant ambroeus brookfield,Sant Ambroeus Brookfield,walk_in,
sant ambroeus madison,Sant Ambroeus,resy,https://resy.com/cities/new-york-ny/venues/sant-ambroeus-madison-ave
sanyuu west,Sanyuu West,resy,https://resy.com/cities/new-york-ny/venues/sanyuu-west
sao mai,Sao Mai,website,http://saomainyc.com/
saraghina caffe,Saraghina Caffé,resy,https://resy.com/cities/new-york-ny/venues/saraghina-caffe
savannah spiced,Savannah Spiced,website,https://savannahspicednyc.com/
sawaan thai,Sawaan Thai,website,https://sawaanthainy.com
scalinatella restaurant,Scalinatella,website,http://www.scalinatella.com
scalino g.p.,Scalino GP,website,https://scalinogpny.com/
scavello's on the island,Scavello's on the Island,website,http://www.scavellocityisland.com/
schnitzel haus,Schnitzel Haus,website,http://www.schnitzelhausny.com/
scottadito osteria toscana,Scottadito Osteria Toscana,website,http://www.scottadito.com/
sea witch,Sea Witch,website,http://seawitchnyc.com/
sekai omakase,Sekai Omakase,resy,https://resy.com/cities/new-york-ny/venues/sekai-omakase
seoul bap,Seoul BAP,resy,https://resy.com/cities/new-york-ny/venues/seoul-bap
set l.e.s.,SET L.E.S.,website,https://set-hospitality.getbento.com/location/set-les
sette mezzo,Sette Mezzo,website,https://settemezzonyc.com/
settepani,Settepani,website,http://www.settepani.com/
seva indian cuisine,Seva Indian Cuisine,website,http://www.sevaindianrestaurant.com/
shabushabu mayumon,Shabushabu Mayumon,website,http://shabushabumayumon.com/
shaking crab - brooklyn,Shaking Crab - Brooklyn,website,http://www.shakingcrab.com/parkslope
shanghai mong,Shanghai Mong,website,http://www.shanghaimongnyc.com/
shanghai villa,Shanghai Villa,website,https://menuorg.online/mobile-shop/shop/65900
shiki omakase,Shiki Omakase,resy,https://resy.com/cities/new-york-ny/venues/shiki-omakase
shinn east,Shinn East,resy,https://resy.com/cities/new-york-ny/venues/shinn-east
shinpi omakase,Shinpi Omakase,resy,https://resy.com/cities/new-york-ny/venues/shinpi-omakase
shinzo omakase,Shinzo Omakase,resy,https://resy.com/cities/new-york-ny/venues/shinzo-omakase
shion 69 leonard street,Shion 69 Leonard Street,website,http://www.69leonardstreet.com
shoo shoo nolita,Shoo Shoo Nolita,resy,https://resy.com/cities/new-york-ny/venues/shoo-shoo
shoshin 68,Shoshin 68,resy,https://resy.com/cities/new-york-ny/venues/shoshin68
shuzixiang hotpot,ShuZiXiang HotPot,walk_in,
siam thai restaurant,Siam Thai,website,https://www.siamthaieatery.com/
silvana,Silvana,website,http://silvana-nyc.com/
simply noodles & dim sum,Simply Noodles & Dim Sum - Bryant Park,website,https://simplynoodlesdimsum.com/
sip & co.,Sip & Co.,website,http://sipandco.co/
smeat and hueso,S-Meat & Hueso,website,https://www.instagram.com/s.meathueso.nyc
smithereens,Smithereens,resy,https://resy.com/cities/new-york-ny/venues/smithereens
smoke bbq pit,Smoke BBQ Pit,website,http://www.smokebbqpit.com/
sociale,Sociale,resy,https://resy.com/cities/new-york-ny/venues/sociale
soda club,Soda Club,resy,https://resy.com/cities/new-york-ny/venues/soda-club
soho park,SoHo Park - Downtown,website,https://www.lapecorabianca.com/
soho sushi,Soho Sushi,website,https://sohosushi.getsauce.com/?utm_source=GMB&utm_medium=Website%20button&utm_id=Soho%20Sushi
sol et soleil,Sol Et Soleil,resy,https://resy.com/cities/new-york-ny/venues/sol-et-soleil
soledad restaurants,Soledad,resy,https://resy.com/cities/new-york-ny/venues/soledad
soleluna,Soleluna,website,http://www.solelunanyc.com/
someday,Someday Bar NYC,website,http://somedaysbakery.com/
somtum der - east village,Somtum Der,resy,https://resy.com/cities/new-york-ny/venues/somtum-der-east-village
sophie's cuban cuisine,Sophie's Cuban Cuisine,website,https://sophiescuban.com/?y_source=1_MjYwMDkwNDQtNzE1LWxvY2F0aW9uLndlYnNpdGU%3D
sophra grill,Sophra Grill,website,https://www.sophragrill.com/
soup n burger,Soup N Burger - NYC,website,http://www.soupnburger.com/
south of the clouds,South of the Clouds,website,https://www.southofthecloudsnyc.com/
southern charm restaurant,Southern Charm,website,https://charmbarrestaurant.com/?utm_source=google
southern spice,Southern Spice,website,https://thesouthernspice.com/
spaghetti incident,Spaghetti Incident,resy,https://resy.com/cities/new-york-ny/venues/spaghetti-incident
spice brothers,Spice Brothers,unknown,
spice mantra,Spice Mantra,resy,https://resy.com/cities/new-york-ny/venues/spice-mantra
spoon table and bar,Spoon Table & Bar,website,http://www.spoontbsp.com/
spring shabushabu,Spring Shabu-Shabu,website,http://www.springshabu.com/
spy c cuisine,Spy C Cuisine,website,https://www.spyc7206.com/
st. cloud  charlie palmer at the knick,Charlie Palmer at The Knick,website,https://www.charliepalmersteak.com/charlie-palmer-steak-iv/
steak frites bistro,Steak Frites Bistro,website,http://www.steakfritesbistro.com/
studio 59,Studio 59,website,https://www.bloomingdales.com/stores/ny/newyork/studio-59_1-s59.html
sugar bowl,Sugar Bowl,website,https://m.facebook.com/profile.php?id=145657445457304
summer salt,Summer Salt,website,http://summersaltnyc.com/
sunflower gramercy,Sunflower - Gramercy,website,http://sunflowergramercy.com/
sushi & co,The Sushi Co - Ealing,website,http://www.sushinco.com/
sushi 456,Sushi 456,website,http://sushi456.com/
sushi ajjo,Sushi ajjo,website,http://www.sushiajjo.com/
sushi ann,Sushi Ann,resy,https://resy.com/cities/new-york-ny/venues/sushi-ann
sushi blossoms,Sushi Blossoms,resy,https://resy.com/cities/new-york-ny/venues/sushi-blossoms
sushi dojo,Sushi Dojo,walk_in,
sushi jin,Sushi Jin,website,http://www.sushijinny.com/
sushi kaito,Sushi Kaito,resy,https://resy.com/cities/new-york-ny/venues/sushi-kaito
sushi king,Sushi King,walk_in,
sushi koya,Sushi Koya,resy,https://resy.com/cities/new-york-ny/venues/sushi-koya
sushi lin upper west side,Sushi Lin,website,https://www.sushilinny.com/
sushi makoto – omakase,Sushi Makoto - Omakase,resy,https://resy.com/cities/new-york-ny/venues/sushi-makoto
sushi masu,Sushi Masu - Omakase,resy,https://resy.com/cities/new-york-ny/venues/sushi-masu
sushi mumi,Sushi mumi,resy,https://resy.com/cities/new-york-ny/venues/sushi-mumi
sushi on jones,Sushi on Jones - West Village,website,https://www.sushionjones.com/
sushi saikou,Sushi Saikou,website,http://www.sushisaikounyc.com
sushi seki times square,Sushi Seki,website,https://sushiseki.com/
sushi yashin,Sushi Yashin,website,https://www.sushiyashin.com/
sushi yolo,Sushi Yolo,resy,https://resy.com/cities/new-york-ny/venues/sushi-yolo
swagat,Swagat,website,https://www.swagatny.com/
sweet basil,Sweet Basil,website,https://sweetbasilwoodside.square.site/
swingers,Swingers,website,https://swingers.club/us/locations/nyc?utm_source=google&utm_medium=organic&utm_campaign=gmb&utm_content=nyc
szechuan garden,Szechuan Garden,website,http://www.szechuangourment.com/?utm_source=google&utm_medium=search
szechuan mountain house,Szechuan Mountain House - Manhattan,website,https://www.szechuanmountainhouse.com/
taci's beyti,Tacis Beyti,website,https://tacisbeyti.com/
taco bar,The Taco Bar,website,https://thetacobarbk.com/?utm_source=google
taco vista (governors island),Taco Vista,website,http://www.tacovista.co/
takumi omakase,TAKUMI OMAKASE,resy,https://resy.com/cities/new-york-ny/venues/takumi-omakase
talk of the town,Talk Of The Town,walk_in,
tam mai thai,Tam Mai Thai,website,https://www.tammaithai.com/
tam sang thai kitchen,Tam Sang Thai Kitchen,website,https://tamsang-nyc.com/
tana thai restaurant,Tana Thai,website,https://www.tanathaibronx.com/
taqueria condesa,Taqueria Condesa,website,https://www.taqueriacondesa.com/
tartine,Tartine,website,http://tartine.nyc/
tartinery,Tartinery,website,http://www.tartinery.com/
taste from everest,Taste From Everest,website,https://www.tastefromeverestny.com/
tasty bites,Tasty Bites,walk_in,
tatsuda omakase,Tatsuda Omakase,resy,https://resy.com/cities/new-york-ny/venues/tatsuda-omakase
taverna kos,Taverna Kos,website,http://tavernakos.com/
taverna kyclades,Taverna Kyclades,website,https://www.tavernaeastvillage.com/
tavola,Tavola,website,https://tavolahellskitchen.com/
teakwood thai chophouse,Teakwood Thai Chophouse,website,https://teakwoodnyc.com/?utm_source=google
ted's corner tavern,Ted's Corner Tavern,website,http://www.tedscornertavern.com/
teddy's bar & grill,Teddy's Bar & Grill,website,https://www.teddys.nyc/
telly's taverna - astoria,Telly's Taverna,resy,https://resy.com/cities/new-york-ny/venues/tellys-taverna-astoria
tenzan,Tenzan - 2nd Ave.,website,https://www.tenzan52midtown.getsauce.com/?utm_source=GMB&utm_medium=Website+Button&utm_id=tenzan52midtown
tfs burger works,TFS Burger Works - Williamsburg,website,https://tfsburgerworks.com/
thai peppercorn,Thai Peppercorn,walk_in,
thai tree nyc,Thai Tree,website,https://thaitreenyc.com/
thailicious,Thailicious,website,http://www.thailiciousny.com/
the archer,The Archer,website,https://www.akbhotelbar.com/location/new-york?utm_source=google&utm_medium=organic&utm_campaign=business_listing
the bedford stone street,The Bedford Stone Street,resy,https://resy.com/cities/new-york-ny/venues/the-bedford-stone-street
the belvedere club,The Belvedere Club @ Casa Belvedere,website,https://www.thebelvedereclub.net/
the black whale,The Black Whale,website,https://theblackwhalefb.wixsite.com/theblackwhaleci
the brewery bar & kitchen,The Brewery Bar & Kitchen,website,http://www.thebrewery.nyc/
the castello plan,The Castello Plan,website,https://thecastelloplan.com/
the cliff,Cliff House - Terrace,website,http://www.thecliffjc.com/
the commerce inn,The Commerce Inn,resy,https://resy.com/cities/new-york-ny/venues/the-commerce-inn
the corner store,The Corner Store,website,https://www.thecornerstoresoho.com/
the dean nyc,The Dean,website,http://www.thedeannyc.com/
the eighty six,The Eighty Six,website,http://the86.nyc/
the flying cock,The Flying Cock,resy,https://resy.com/cities/new-york-ny/venues/the-flying-cock
the four horsemen,The Four Horsemen,resy,https://resy.com/cities/new-york-ny/venues/the-four-horsemen
the fulton on pier 17,Pier 17,website,https://www.thefulton.nyc/?utm_source=gbp&utm_medium=web
the globe tavern,The Globe Tavern,website,http://www.theglobeny.com/
the good fork,The Good Fork - Brooklyn,website,http://www.goodfork.com/
the grand feast,The Grand Feast,resy,https://resy.com/cities/new-york-ny/venues/the-grand
the great indian kitchen,The Great Indian Kitchen,website,https://www.orderindiankitchenny.com/
the hideaway seaport,Hideaway Seaport,walk_in,
the hop shoppe,The Hop Shoppe,website,http://www.thehopshoppe.com/
the islands,The Islands,website,http://islandny.com/
the keg room,The Keg Room,website,http://thekegroom.nyc/
the kitchen table at the modern,The Kitchen Table at The Modern,resy,https://resy.com/cities/new-york-ny/venues/the-kitchen-table-at-the-modern
the kunjip,Kunjip - Mountain View,website,https://www.kunjip.nyc/
the lambs club,The Lambs Club - Bar,resy,https://resy.com/cities/new-york-ny/venues/the-lambs-club
the leroy house,The Leroy House,walk_in,
the loyal,The Loyal,website,https://www.loyalrestaurant.com/
the mac shack,Mac Shack,website,http://www.macshackny.com/
the migrant kitchen,The Migrant Kitchen,website,http://www.themigrantkitchen.com/
the monkey king,The Monkey King,resy,https://resy.com/cities/new-york-ny/venues/the-monkey-king
the noble,The Noble,unknown,
the nuaa table,The Nuaa Table,resy,https://resy.com/cities/new-york-ny/venues/the-nuaa-table
the office of mr moto,The Office Of Mr. Moto,website,http://www.dearmrmoto.com/
the old standard,The Old Standard,website,http://www.theoldstandardbk.com/
the polo bar,The Polo Bar,resy,https://resy.com/cities/new-york-ny/venues/the-polo-bar
the reading room,The Reading Room,resy,https://resy.com/cities/new-york-ny/venues/the-reading-room
the rusty face,The Rusty Face,walk_in,
the simone,The Simone,unknown,
the smile of the beyond,Smile of the Beyond,website,http://www.smileofthebeyond.com/
the smoke house,Smoke House,website,https://thesmokehouse.shop/
the spotted owl,The Spotted Owl,website,http://www.thespottedowltavern.com/
the trestle,The Trestle,website,http://trestleastoria.com/
the tuck room,The Tuck Room- New York,website,https://www.thetuckroom.com/locations/new-york-city-ny?utm_source=google&utm_medium=local_listings&utm_campaign=yext
the turk's inn,The Turk's Inn,resy,https://resy.com/cities/new-york-ny/venues/the-turks-inn
the upper crust,Upper Crust,website,http://uppercrustqueens.com/
the uptown garrison,The Uptown Garrison,website,https://www.theuptowngarrison.com/
the viand,The Viand,website,http://www.theviand.com/
the village green,Village Green,website,https://www.greenkitchennyc.com/
the waylon,The Waylon,website,http://thewaylon.com/
the wild son,The Wild Son,unknown,
the wren,The Wren,website,http://www.thewrennyc.com/
thompson brooke,Thompson Brooke,walk_in,
thursday kitchen,Thursday Kitchen,website,http://www.thursdaykitchen.com/
tigerlily kitchen,Tigerlily Kitchen,website,http://tlk-nyc.com/
tikka indian grill,Tikka Indian Grill,website,https://tikkaindiangrill.com/
tim ho wan east village,Tim Ho Wan - East Village,website,http://www.timhowanusa.com/
time and tide,Time and Tide,website,https://www.timeandtide.nyc/
timur house,Timur House,unknown,
tinto,Tinto,website,https://www.tintonyc.com/
tiny's cantina,Tiny's Cantina,website,https://www.tinyscantina.com/?y_source=1_Njc4NTcxMDctNzE1LWxvY2F0aW9uLndlYnNpdGU%3D
tj asian bistro,TJ Asian Bistro,website,http://www.tjwoodside.com/
tofu tofu,Tofu Tofu,website,http://www.tofutofukoreanbbq.com/
tokyo ya,Tokyo Ya,website,https://www.tokyoyaastoria.com/
tong,Tong,resy,https://resy.com/cities/new-york-ny/venues/tong
tongdee thai,TongDee Thai,website,https://order.toasttab.com/online/tongdee-thai-bk-180-5th-ave
toro sushi bar,Toro Sushi Bar,website,https://rasushi.com/
toyo ramen bar,Toyo Ramen Bar,website,https://www.toyoramen.com/
trattoria oliveto,Trattoria Oliveto,website,https://olivetonyc.com/
trattoria ora,Trattoria Ora,website,http://www.trattoriaora.com/index.html
trattoria toscana,Trattoria Toscana,website,http://www.toscana49.com/
tre sorelle,tre sorelle,resy,https://resy.com/cities/new-york-ny/venues/tre
tu casa,Tu Casa,website,http://www.tucasarestaurant.com/
tuscan hills,Tuscan Hills,unknown,
udon lab,Udon Lab,website,http://www.udonlabnewyork.com/
umami sushi,Umami Sushi,website,https://umamisushitogo.com/
umi sushi,UMI Sushi,website,https://www.umibuffet.com/
un plaza grill,UN Plaza Grill,website,http://www.unplazagrill.com/
uncle lou,Uncle Lou,website,http://www.unclelounyc.com/
union bistro steakhouse and sushi,Union Bistro Steakhouse and Sushi,website,https://unionbistronyc.com/?utm_source=GMB&utm_medium=Website%20Button&utm_id=unionbistronyc
united kitchen,United Kitchen,website,http://united-kitchen.co.uk
unoriginal noodles,Unoriginal Noodles,website,https://www.unoriginalnoodles.com/
urban vegan roots,Urban Vegan Roots,resy,https://resy.com/cities/new-york-ny/venues/urban-vegan-roots
uva next door,Uva Next Door,resy,https://resy.com/cities/new-york-ny/venues/uva-next-door
vallarta tropical,Vallarta Tropical,resy,https://resy.com/cities/new-york-ny/venues/vallarta-tropical
veeraswamy,Veeraswamy,website,http://veerays.com
veeray da dhaba,Veeray da Dhaba,website,http://www.veeraydadhaba.com/
verona american grill,Verona American Grill,website,https://www.patinagroup.com/state-grill-and-bar
via carota,Via Carota,resy,https://resy.com/cities/new-york-ny/venues/via-carota
village grill,Village Grill,website,https://mamasgreek.com/
vincent's,Vincent's,website,http://www.originalvincents.nyc/
vinyl steakhouse,Vinyl Steakhouse,resy,https://resy.com/cities/new-york-ny/venues/vinyl-steakhouse
vite vinosteria,Vite Vinosteria,website,http://www.vitevinosteria.com/
viva cucina,Viva Cucina,unknown,
wall street grill,Wall Street Grill,resy,https://resy.com/cities/new-york-ny/venues/wall-street-grill
wallse,Wallsé,website,https://www.wallse.com/
wan waan,Wan Waan (Thai Restaurant),resy,https://resy.com/cities/new-york-ny/venues/wan-waan
wayne and sons,Wayne and Sons,website,http://wayneandsonsnyc.com/
wilfie & nell,Wilfie & Nell,website,http://www.wilfieandnell.com/
willet's corner,Willet's Corner,resy,https://resy.com/cities/new-york-ny/venues/willets-corner
wok 88,Wok 88,website,http://www.wok88inc.com/
wok wok restaurant,Wok Wok - NYC,website,http://www.wokwoknoodle.com/
wokuni broadway,Wokuni Broadway,website,http://www.wokuninyc.com/
wonder,Wonder,website,https://www.wonder.com/order/upper-east-side
wonder pig kbbq,Wonder Pig K-BBQ,website,http://www.wonderpigkbbq.com/
wu liang ye,Wu Liang Ye,website,https://wuliangyetogo.com/
xie bao,Xie Bao,walk_in,
xochitl taqueria,Xochitl Taqueria,website,https://xochitlnyc.com/
yama ramen and sushi,Yama Ramen & Sushi,website,http://yamaramen.com/
ye's apothecary,Ye's Apothecary,website,http://yesapothecary.com/
yoko-cho,Yoko-Cho,website,https://www.yokochony.com/
yono sushi,YONO Sushi,resy,https://resy.com/cities/new-york-ny/venues/yono-sushi
yummy thai,Yummy Thai- Irving,website,https://www.yummythainy.com/
zen ramen & sushi,Zen Ramen & Sushi,resy,https://resy.com/cities/new-york-ny/venues/zen-ramen-and-sushi
zen sushi omakase,Zen Sushi Omakase,website,http://zensushiomakase.com
zhong guo xiao long bao,Zhong Guo Xiao Long Bao,walk_in,
zio toto,Zio Toto - Brooklyn,walk_in,
zona de cuba,Zona de Cuba,website,https://www.zonadecuba.com/
zz's clam bar,ZZ'S Clam Bar,walk_in,
